pH,Moisture,Nitrogen,Phosphorus,Potassium,OrganicCarbon,Texture,Temp,Rainfall,SoilType
6.36,15.34,12.99,13.74,25.95,0.37,Sandy,28.63,135.66,Sandy
6.07,13.32,20.56,16.14,29.67,0.56,Sandy,30.63,57.9,Sandy
6.39,24.24,33.51,18.21,21.94,0.64,Sandy,31.29,100.7,Sandy
6.84,22.11,12.23,13.5,14.83,0.32,Sandy,34.83,61.79,Sandy
6.03,18.97,13.06,23.82,14.52,0.83,Sandy,28.02,137.07,Sandy
6.55,21.03,25.56,15.83,14.99,0.85,Sandy,29.22,90.48,Sandy
6.4,10.74,10.81,16.18,16.39,0.36,Sandy,31.07,68.96,Sandy
6.3,20.95,14.31,24.9,26.11,0.46,Sandy,25.4,124.09,Sandy
6.11,12.9,38.23,19.9,13.82,0.73,Sandy,34.26,59.2,Sandy
6.3,16.24,20.53,27.45,21.4,0.69,Sandy,25.17,125.39,Sandy
5.88,11.73,16.61,14.29,21.19,0.68,Sandy,25.49,120.31,Sandy
6.2,15.83,24.83,16.03,16.61,0.8,Sandy,27.36,111.51,Sandy
5.95,18.42,29.07,11.73,28.88,0.59,Sandy,28.02,145.69,Sandy
5.63,14.14,34.94,14.15,10.94,0.72,Sandy,29.15,83.72,Sandy
6.37,15.19,17.26,24.71,22.44,0.62,Sandy,30.56,124.32,Sandy
5.74,11.37,18.73,22.9,10.88,0.53,Sandy,27.73,125.54,Sandy
6.45,14.36,35.43,28.92,19.08,0.69,Sandy,32.63,149.29,Sandy
6.68,14.55,19.56,12.87,15.59,0.5,Sandy,28.79,136.56,Sandy
5.6,21.1,35.68,29.38,17.24,0.69,Sandy,32.08,52.58,Sandy
6.37,14.53,22.76,14.69,13.47,0.73,Sandy,30.48,145.35,Sandy
6.45,11.44,35.56,19.45,19.15,0.48,Sandy,33.23,52.3,Sandy
6.97,22.52,27.47,12.09,10.43,0.65,Sandy,27.01,144.04,Sandy
6.04,13.84,12.3,19.44,12.32,0.65,Sandy,31.2,94.72,Sandy
5.76,24.41,22.95,13.92,14.23,0.67,Sandy,32.68,86.4,Sandy
6.96,17.38,35.15,11.66,29.92,0.69,Sandy,33.86,97.35,Sandy
5.55,10.66,19.76,20.31,13.68,0.67,Sandy,28.09,53.97,Sandy
6.79,24.6,15.35,25.72,15.07,0.65,Sandy,31.66,119.04,Sandy
5.58,18.72,38.69,19.88,16.37,0.79,Sandy,28.35,100.0,Sandy
6.39,23.12,19.32,17.39,23.56,0.72,Sandy,29.36,104.8,Sandy
6.0,23.08,20.21,28.15,20.49,0.57,Sandy,32.25,140.42,Sandy
6.42,22.06,20.86,25.71,10.68,0.41,Sandy,34.75,51.28,Sandy
6.33,17.39,17.68,29.39,20.1,0.38,Sandy,32.48,67.05,Sandy
6.67,24.85,28.35,20.62,28.24,0.75,Sandy,26.78,84.37,Sandy
6.53,11.54,35.41,12.18,19.86,0.87,Sandy,33.34,50.04,Sandy
5.94,14.47,20.4,15.47,16.3,0.63,Sandy,27.3,135.4,Sandy
6.25,16.63,19.33,27.49,29.71,0.32,Sandy,26.02,61.62,Sandy
6.4,22.84,31.81,13.22,27.66,0.67,Sandy,26.93,72.5,Sandy
5.87,16.98,12.72,20.15,25.23,0.87,Sandy,29.61,92.64,Sandy
6.84,20.05,33.01,10.13,29.88,0.42,Sandy,32.71,139.38,Sandy
5.78,10.6,31.68,12.3,29.74,0.79,Sandy,28.84,69.64,Sandy
5.82,18.04,25.35,19.79,28.01,0.61,Sandy,34.83,99.15,Sandy
5.87,12.13,20.27,27.92,15.72,0.4,Sandy,31.69,93.38,Sandy
5.92,21.89,32.44,10.36,21.05,0.47,Sandy,31.15,85.09,Sandy
5.58,15.28,21.21,16.62,26.82,0.67,Sandy,33.19,70.67,Sandy
6.58,22.27,30.19,13.84,20.74,0.38,Sandy,33.15,125.06,Sandy
6.66,15.99,37.98,29.77,26.0,0.48,Sandy,34.26,136.24,Sandy
6.29,23.64,10.97,13.65,10.61,0.62,Sandy,32.05,58.32,Sandy
6.8,23.95,22.94,21.61,29.19,0.79,Sandy,31.22,58.04,Sandy
6.43,21.65,33.84,29.97,20.35,0.66,Sandy,28.51,140.03,Sandy
6.12,18.73,16.77,18.32,28.61,0.34,Sandy,27.1,56.32,Sandy
6.13,17.3,33.16,27.61,20.55,0.49,Sandy,29.35,86.79,Sandy
6.96,17.13,25.8,19.63,14.23,0.67,Sandy,33.42,103.25,Sandy
6.0,24.76,32.31,19.79,14.36,0.55,Sandy,27.43,136.07,Sandy
6.61,16.56,35.62,21.75,16.49,0.8,Sandy,34.61,134.13,Sandy
6.16,24.19,14.12,17.78,16.2,0.73,Sandy,26.68,103.05,Sandy
6.55,21.32,15.86,27.26,21.53,0.42,Sandy,30.16,104.43,Sandy
5.96,16.24,24.67,17.32,10.76,0.38,Sandy,29.6,93.9,Sandy
6.49,15.78,25.88,13.27,23.3,0.67,Sandy,31.67,110.08,Sandy
6.62,12.77,15.68,27.51,28.61,0.5,Sandy,28.12,109.0,Sandy
6.41,17.26,20.68,27.83,27.6,0.62,Sandy,34.27,129.27,Sandy
6.04,15.64,14.58,24.98,25.46,0.66,Sandy,29.68,123.3,Sandy
5.88,23.14,20.62,20.25,20.76,0.67,Sandy,32.9,85.18,Sandy
6.95,22.46,38.12,23.63,16.63,0.56,Sandy,33.67,60.82,Sandy
6.38,20.93,35.92,20.64,25.67,0.48,Sandy,34.81,133.98,Sandy
6.93,11.24,32.79,10.82,24.9,0.74,Sandy,31.29,123.18,Sandy
6.66,15.16,20.4,29.26,11.92,0.88,Sandy,32.57,98.5,Sandy
6.92,12.19,11.01,26.73,25.45,0.49,Sandy,31.88,148.31,Sandy
6.87,18.39,10.7,13.63,23.88,0.36,Sandy,26.99,102.29,Sandy
6.99,15.49,12.59,14.29,21.02,0.87,Sandy,26.71,89.6,Sandy
6.9,12.64,27.71,23.23,23.3,0.38,Sandy,31.98,149.12,Sandy
5.76,14.15,10.03,14.25,20.84,0.87,Sandy,28.88,118.84,Sandy
6.76,22.11,13.77,24.01,15.17,0.57,Sandy,25.02,58.22,Sandy
5.87,17.3,19.61,19.3,18.53,0.7,Sandy,34.93,85.7,Sandy
6.51,22.78,27.81,19.57,14.29,0.73,Sandy,29.84,100.4,Sandy
6.6,23.62,30.14,17.08,25.96,0.85,Sandy,28.2,52.64,Sandy
6.28,24.62,24.5,12.07,12.08,0.46,Sandy,31.95,124.72,Sandy
6.24,21.82,16.71,24.69,20.99,0.54,Sandy,25.45,149.2,Sandy
5.74,10.52,17.99,15.45,14.75,0.67,Sandy,26.6,56.02,Sandy
6.1,19.22,26.63,10.24,12.43,0.68,Sandy,30.85,102.03,Sandy
5.51,10.22,31.9,10.68,25.1,0.79,Sandy,31.48,133.38,Sandy
5.58,11.57,33.79,29.81,10.83,0.57,Sandy,28.18,79.82,Sandy
6.39,15.58,29.75,12.33,14.55,0.83,Sandy,27.61,134.88,Sandy
6.54,23.21,14.99,28.18,24.3,0.71,Sandy,29.76,55.42,Sandy
6.5,17.64,12.17,29.7,24.85,0.67,Sandy,30.64,140.05,Sandy
6.72,14.95,23.85,25.76,15.65,0.69,Sandy,34.55,86.19,Sandy
6.52,21.35,17.23,22.21,19.02,0.36,Sandy,29.6,121.82,Sandy
5.91,12.39,25.08,26.39,28.76,0.7,Sandy,25.85,56.72,Sandy
6.55,22.91,35.88,20.22,16.97,0.57,Sandy,33.73,133.05,Sandy
6.99,15.5,32.14,27.0,16.45,0.47,Sandy,25.58,117.64,Sandy
6.93,21.48,35.08,26.29,17.85,0.56,Sandy,32.37,141.01,Sandy
6.0,16.28,22.94,23.86,23.85,0.84,Sandy,29.1,53.39,Sandy
6.78,19.27,38.59,29.11,26.21,0.56,Sandy,32.85,120.65,Sandy
6.22,20.62,31.84,26.78,25.05,0.7,Sandy,32.59,55.18,Sandy
6.98,19.35,26.94,24.3,25.68,0.61,Sandy,27.78,143.52,Sandy
6.7,24.69,38.76,27.71,17.96,0.49,Sandy,25.42,87.66,Sandy
6.35,19.67,14.16,25.3,29.53,0.55,Sandy,27.39,94.87,Sandy
5.64,15.55,16.31,10.29,25.74,0.54,Sandy,30.81,82.98,Sandy
6.61,21.38,10.67,28.57,18.43,0.56,Sandy,30.57,81.57,Sandy
6.72,16.57,18.53,21.94,21.65,0.51,Sandy,33.08,97.79,Sandy
6.8,18.52,25.27,11.1,29.0,0.61,Sandy,34.99,98.69,Sandy
6.36,19.47,24.27,24.55,17.11,0.68,Sandy,31.69,61.5,Sandy
6.92,22.21,30.84,25.58,21.56,0.51,Sandy,26.14,108.06,Sandy
5.77,20.2,20.25,10.69,26.24,0.77,Sandy,30.03,71.12,Sandy
6.31,10.62,28.05,11.17,26.58,0.51,Sandy,30.33,68.04,Sandy
6.32,14.24,14.28,18.22,26.71,0.39,Sandy,25.53,93.71,Sandy
6.27,13.91,29.45,20.37,25.91,0.47,Sandy,34.16,116.13,Sandy
6.33,24.12,20.87,10.74,25.4,0.84,Sandy,29.19,72.53,Sandy
5.64,11.3,33.43,26.59,25.89,0.87,Sandy,25.18,56.59,Sandy
5.76,16.92,24.53,27.76,11.93,0.35,Sandy,27.77,83.69,Sandy
6.87,14.7,10.08,25.78,11.44,0.44,Sandy,27.31,78.37,Sandy
5.62,17.11,22.9,18.18,19.71,0.76,Sandy,33.75,77.1,Sandy
6.49,17.7,37.21,12.6,26.97,0.61,Sandy,34.68,133.06,Sandy
5.77,16.61,29.34,20.11,18.88,0.55,Sandy,30.05,65.45,Sandy
5.95,20.18,32.3,19.43,29.18,0.68,Sandy,27.98,113.99,Sandy
5.53,21.49,10.07,26.3,20.14,0.77,Sandy,30.54,101.14,Sandy
5.66,14.25,22.88,12.66,18.65,0.49,Sandy,25.52,97.51,Sandy
5.8,21.9,23.0,18.09,26.48,0.3,Sandy,33.1,60.8,Sandy
6.75,15.88,21.15,11.25,26.91,0.78,Sandy,25.05,89.18,Sandy
6.46,10.74,12.12,20.16,24.54,0.52,Sandy,29.9,74.98,Sandy
5.7,17.7,30.53,15.9,15.78,0.37,Sandy,26.34,81.53,Sandy
6.15,19.03,11.85,12.07,10.9,0.85,Sandy,28.52,141.57,Sandy
5.83,15.53,12.91,24.47,22.93,0.77,Sandy,25.29,99.16,Sandy
6.17,15.25,34.45,10.07,10.8,0.49,Sandy,32.66,56.09,Sandy
6.67,14.63,38.27,15.74,18.05,0.53,Sandy,31.14,148.28,Sandy
6.24,20.96,38.67,15.8,29.75,0.6,Sandy,34.01,88.7,Sandy
6.63,14.1,11.88,14.82,23.33,0.67,Sandy,33.3,126.4,Sandy
5.98,14.99,19.98,25.12,23.49,0.44,Sandy,28.2,85.9,Sandy
6.28,24.31,38.95,13.69,15.08,0.68,Sandy,32.55,147.69,Sandy
6.78,24.24,25.45,22.2,13.58,0.71,Sandy,25.34,52.59,Sandy
5.84,12.85,10.19,18.26,24.89,0.47,Sandy,30.71,95.61,Sandy
6.14,14.43,33.82,23.02,29.99,0.7,Sandy,27.98,61.26,Sandy
6.37,15.25,13.54,26.54,11.84,0.88,Sandy,31.15,71.5,Sandy
6.62,21.5,23.58,17.45,12.77,0.33,Sandy,28.37,143.8,Sandy
6.28,11.25,39.9,28.16,20.44,0.73,Sandy,31.24,124.3,Sandy
6.47,23.13,38.39,17.68,20.82,0.87,Sandy,32.07,146.33,Sandy
6.42,13.16,30.83,15.41,18.68,0.59,Sandy,34.04,59.54,Sandy
6.67,10.6,33.8,25.54,16.87,0.69,Sandy,25.76,149.4,Sandy
5.82,10.36,20.15,13.43,29.39,0.57,Sandy,28.4,117.51,Sandy
5.75,10.81,36.22,23.86,29.52,0.89,Sandy,29.44,115.43,Sandy
5.76,15.48,32.98,23.22,26.01,0.36,Sandy,30.05,52.79,Sandy
6.95,11.6,15.42,17.77,10.24,0.48,Sandy,33.06,105.04,Sandy
6.75,19.52,16.85,22.15,28.14,0.66,Sandy,26.27,116.58,Sandy
6.19,22.42,10.16,11.16,13.5,0.33,Sandy,30.36,54.5,Sandy
6.93,16.73,37.9,24.7,11.55,0.72,Sandy,29.25,99.7,Sandy
6.1,22.66,28.02,23.52,22.46,0.61,Sandy,31.67,94.58,Sandy
6.06,16.83,35.0,16.19,23.67,0.88,Sandy,34.94,145.46,Sandy
6.13,22.97,10.94,21.21,27.03,0.7,Sandy,26.78,105.94,Sandy
6.3,19.11,22.9,25.78,18.25,0.81,Sandy,28.77,107.37,Sandy
5.6,23.34,16.91,25.62,23.94,0.68,Sandy,28.8,67.72,Sandy
6.18,23.28,36.72,21.26,25.41,0.85,Sandy,33.72,115.83,Sandy
6.2,21.02,15.9,17.84,20.63,0.36,Sandy,25.74,52.17,Sandy
6.15,19.32,18.01,18.47,17.51,0.77,Sandy,34.74,98.72,Sandy
6.2,11.19,20.94,20.7,20.7,0.75,Sandy,32.24,60.07,Sandy
5.61,12.63,25.44,21.58,23.32,0.49,Sandy,32.56,78.83,Sandy
6.04,17.01,29.96,16.87,27.77,0.84,Sandy,30.62,147.92,Sandy
6.96,14.86,24.77,27.49,23.6,0.53,Sandy,32.92,79.04,Sandy
6.15,23.99,11.91,25.17,19.36,0.58,Sandy,28.84,105.6,Sandy
5.51,23.23,37.96,10.06,12.99,0.76,Sandy,25.97,132.42,Sandy
6.57,20.77,11.6,25.39,19.38,0.31,Sandy,30.72,82.8,Sandy
5.95,15.11,35.75,22.29,27.39,0.86,Sandy,30.21,51.48,Sandy
6.01,13.35,28.86,26.73,28.29,0.43,Sandy,34.7,96.22,Sandy
6.08,13.96,24.95,14.66,10.34,0.71,Sandy,25.49,123.65,Sandy
6.47,21.87,12.96,19.86,16.56,0.54,Sandy,29.41,138.92,Sandy
6.98,23.29,14.6,15.78,22.39,0.68,Sandy,25.4,97.51,Sandy
6.28,17.83,32.33,17.65,29.33,0.34,Sandy,25.26,104.89,Sandy
5.98,14.85,30.0,15.46,21.62,0.85,Sandy,34.69,133.52,Sandy
6.73,24.48,33.98,10.56,23.47,0.69,Sandy,32.05,131.66,Sandy
5.7,22.06,36.69,25.82,19.15,0.84,Sandy,28.77,65.54,Sandy
6.77,15.81,31.73,20.01,17.06,0.52,Sandy,29.13,102.2,Sandy
6.51,12.33,22.36,23.14,18.47,0.69,Sandy,28.53,111.68,Sandy
6.08,12.3,16.05,11.12,17.57,0.32,Sandy,28.73,86.76,Sandy
5.74,18.71,18.86,19.73,28.01,0.52,Sandy,32.59,115.01,Sandy
6.37,16.7,25.03,12.15,15.01,0.71,Sandy,27.87,130.16,Sandy
6.49,11.67,20.38,20.13,17.41,0.48,Sandy,32.18,67.52,Sandy
6.55,11.74,17.32,13.48,23.18,0.53,Sandy,34.97,69.75,Sandy
7.0,19.43,38.07,17.8,15.64,0.57,Sandy,34.56,102.15,Sandy
6.92,10.13,11.5,14.01,29.3,0.58,Sandy,26.73,147.81,Sandy
6.27,14.82,38.13,22.43,22.06,0.7,Sandy,27.02,99.71,Sandy
6.24,12.79,38.3,21.44,24.1,0.39,Sandy,28.69,57.3,Sandy
5.9,20.09,25.77,15.69,27.98,0.76,Sandy,33.74,68.85,Sandy
6.47,21.37,23.86,21.97,11.36,0.57,Sandy,33.76,120.18,Sandy
6.88,18.55,21.42,22.44,27.3,0.46,Sandy,30.63,89.7,Sandy
6.21,24.21,36.03,24.9,28.64,0.67,Sandy,31.86,130.24,Sandy
6.93,24.3,20.36,17.58,15.35,0.87,Sandy,32.61,132.33,Sandy
5.74,22.32,29.86,12.55,28.93,0.81,Sandy,26.88,91.43,Sandy
6.71,14.51,17.01,11.34,11.39,0.68,Sandy,30.84,54.28,Sandy
6.19,23.9,14.25,18.88,25.58,0.63,Sandy,34.55,75.03,Sandy
6.16,24.15,16.5,21.44,27.68,0.84,Sandy,33.57,68.4,Sandy
6.46,17.38,10.71,19.07,21.09,0.76,Sandy,33.36,81.39,Sandy
6.08,22.54,38.64,22.66,14.19,0.48,Sandy,31.4,124.86,Sandy
5.51,21.95,17.28,13.99,11.65,0.82,Sandy,29.83,69.0,Sandy
6.82,11.51,10.88,29.72,13.83,0.84,Sandy,27.6,135.99,Sandy
5.94,18.84,33.77,20.49,15.02,0.4,Sandy,32.06,126.32,Sandy
6.53,12.41,20.82,23.75,26.51,0.57,Sandy,28.86,98.78,Sandy
6.2,21.45,35.25,11.33,16.66,0.45,Sandy,28.0,99.52,Sandy
6.0,23.36,21.9,29.56,14.43,0.59,Sandy,34.47,112.86,Sandy
6.61,16.65,27.78,24.39,11.19,0.42,Sandy,25.79,64.6,Sandy
6.11,20.47,39.23,12.65,16.28,0.64,Sandy,29.87,142.97,Sandy
6.31,14.8,39.58,25.97,14.7,0.58,Sandy,25.55,115.58,Sandy
6.16,17.97,23.93,11.14,28.74,0.42,Sandy,33.39,57.95,Sandy
7.4,50.45,72.5,46.87,58.51,1.47,Clay,23.72,347.8,Clay
7.44,54.59,47.1,54.28,54.11,1.71,Clay,19.01,265.58,Clay
7.31,51.76,53.33,44.86,50.49,1.83,Clay,26.67,304.02,Clay
7.14,36.05,68.15,49.13,46.58,1.21,Clay,20.41,300.09,Clay
7.66,51.03,61.52,65.12,59.66,1.24,Clay,22.23,277.71,Clay
6.85,53.07,67.2,67.0,67.05,2.27,Clay,21.19,262.9,Clay
7.66,35.9,48.34,44.14,66.1,2.36,Clay,19.82,269.43,Clay
6.89,55.9,40.81,42.51,56.42,1.31,Clay,21.02,320.6,Clay
7.48,42.8,43.56,47.71,50.73,1.95,Clay,20.04,209.0,Clay
7.52,49.21,61.26,48.35,57.71,1.23,Clay,23.2,232.57,Clay
6.88,49.57,73.46,61.31,41.18,2.48,Clay,20.38,346.3,Clay
6.95,49.99,51.57,43.34,60.62,1.68,Clay,27.69,305.55,Clay
7.04,52.56,79.24,64.89,56.89,2.08,Clay,24.87,270.1,Clay
7.21,48.05,40.56,46.58,52.58,1.28,Clay,18.97,336.57,Clay
6.98,49.47,53.27,48.91,44.48,2.44,Clay,24.2,255.64,Clay
7.35,43.46,70.11,69.23,61.52,2.28,Clay,25.93,291.09,Clay
7.35,58.43,64.31,63.02,48.88,2.43,Clay,22.86,306.86,Clay
7.63,49.73,42.62,53.55,55.86,1.49,Clay,27.8,335.4,Clay
7.03,46.11,46.81,45.09,64.28,2.05,Clay,22.12,243.18,Clay
7.14,39.76,42.16,66.05,62.43,2.07,Clay,19.8,232.97,Clay
7.28,57.18,48.61,42.4,64.7,2.0,Clay,26.73,207.64,Clay
6.96,38.05,63.01,47.88,68.65,1.58,Clay,20.79,318.24,Clay
7.94,52.26,45.42,54.73,67.61,1.24,Clay,22.18,339.37,Clay
7.41,55.18,74.09,66.71,46.36,1.69,Clay,20.41,202.03,Clay
7.51,45.83,46.23,68.99,48.92,1.51,Clay,19.65,288.59,Clay
7.67,36.54,57.54,57.01,46.56,1.3,Clay,26.75,287.28,Clay
7.29,52.72,70.02,52.89,69.44,1.21,Clay,18.9,262.61,Clay
7.07,51.15,64.52,44.12,51.84,1.69,Clay,19.41,312.34,Clay
7.47,59.3,45.26,55.44,67.77,1.55,Clay,20.01,228.92,Clay
7.91,59.18,62.09,42.59,68.56,1.45,Clay,25.96,266.97,Clay
7.98,39.74,59.54,59.76,46.11,2.06,Clay,27.11,246.12,Clay
7.41,41.87,70.97,59.64,62.21,2.23,Clay,20.41,239.6,Clay
6.63,58.11,75.92,45.13,40.88,2.13,Clay,27.5,217.88,Clay
6.74,46.68,44.85,52.83,63.46,2.4,Clay,24.27,201.08,Clay
7.56,58.88,75.63,67.33,62.96,1.89,Clay,23.88,347.44,Clay
7.88,36.36,69.13,53.16,67.64,1.74,Clay,23.57,211.43,Clay
7.79,50.95,54.46,53.9,64.37,2.14,Clay,18.39,231.09,Clay
7.67,52.2,47.34,62.91,65.92,1.92,Clay,27.09,270.15,Clay
6.95,54.51,41.98,57.53,46.06,1.62,Clay,18.07,259.64,Clay
7.6,37.77,66.34,40.83,69.36,1.52,Clay,23.97,286.78,Clay
6.79,39.57,67.04,63.3,52.47,1.56,Clay,19.32,304.05,Clay
7.24,57.46,52.84,55.86,62.87,1.89,Clay,19.73,313.92,Clay
6.62,45.83,72.16,64.6,50.01,2.44,Clay,22.11,221.98,Clay
7.29,38.13,47.69,41.92,41.18,1.3,Clay,22.27,331.78,Clay
7.45,56.07,64.37,47.79,46.67,1.35,Clay,27.05,325.35,Clay
6.96,55.43,43.44,54.76,44.98,2.11,Clay,19.17,209.16,Clay
7.42,56.4,76.73,68.01,52.83,1.94,Clay,23.39,253.03,Clay
6.64,35.86,73.38,50.57,42.95,1.71,Clay,24.69,212.48,Clay
7.67,35.39,42.83,63.86,58.91,1.33,Clay,22.08,251.94,Clay
7.0,58.37,41.64,58.04,52.62,2.37,Clay,21.05,250.88,Clay
7.11,40.44,51.59,49.12,66.08,1.56,Clay,21.13,310.71,Clay
7.48,47.51,66.42,65.62,67.6,2.48,Clay,25.33,264.44,Clay
7.04,42.83,47.92,53.88,42.53,2.22,Clay,21.52,274.2,Clay
6.58,48.62,73.48,66.54,48.31,1.53,Clay,22.31,314.41,Clay
6.97,57.56,62.03,61.5,66.16,2.02,Clay,27.88,203.04,Clay
7.46,38.66,56.35,52.67,69.59,1.95,Clay,27.16,261.61,Clay
7.98,51.13,48.37,41.24,58.39,1.86,Clay,24.28,338.4,Clay
6.76,52.65,62.67,50.62,64.49,2.09,Clay,27.76,309.93,Clay
7.1,58.52,43.07,65.69,51.09,1.61,Clay,18.66,214.49,Clay
6.85,48.21,45.75,41.17,54.68,1.5,Clay,21.0,289.93,Clay
7.51,57.89,66.24,65.89,48.47,2.2,Clay,24.55,278.09,Clay
7.68,36.64,45.49,43.01,57.8,1.53,Clay,21.15,279.9,Clay
6.53,45.9,71.52,60.61,40.57,1.33,Clay,25.93,223.96,Clay
6.87,58.03,79.7,57.96,48.32,2.12,Clay,18.0,266.35,Clay
7.7,49.53,57.11,60.46,63.25,1.72,Clay,24.38,220.87,Clay
7.57,38.95,76.68,53.94,56.47,1.44,Clay,25.0,348.14,Clay
7.16,43.08,60.43,45.37,61.87,2.48,Clay,19.83,280.59,Clay
7.59,54.47,79.18,57.93,44.4,1.84,Clay,22.38,237.65,Clay
7.59,49.76,41.79,47.84,42.36,1.75,Clay,22.86,333.36,Clay
7.11,56.27,41.69,40.99,58.43,1.4,Clay,18.74,234.85,Clay
7.52,47.29,48.6,52.52,66.59,1.26,Clay,24.64,208.79,Clay
6.85,35.88,72.47,53.09,41.9,2.43,Clay,22.42,320.47,Clay
7.51,35.44,59.69,55.62,42.78,1.22,Clay,21.84,225.04,Clay
7.93,41.53,57.46,48.31,68.37,2.03,Clay,27.18,235.1,Clay
7.03,54.02,72.66,58.39,56.4,1.41,Clay,26.82,219.51,Clay
7.04,39.22,64.94,40.05,46.37,1.88,Clay,21.19,326.84,Clay
7.53,59.37,60.38,42.23,51.85,2.03,Clay,21.58,257.89,Clay
7.07,43.47,42.77,57.28,53.26,1.84,Clay,20.7,277.05,Clay
7.68,47.38,40.1,51.31,64.05,1.64,Clay,26.14,249.67,Clay
7.54,55.23,51.47,69.46,68.65,2.05,Clay,27.2,227.2,Clay
6.69,53.09,77.43,62.18,47.28,2.3,Clay,27.22,310.73,Clay
7.49,50.79,68.76,60.19,55.27,1.7,Clay,19.98,267.11,Clay
6.77,51.57,71.93,69.17,61.2,2.47,Clay,20.7,266.41,Clay
7.49,42.65,61.41,48.01,52.24,2.1,Clay,20.61,270.11,Clay
7.72,39.5,48.96,43.69,57.3,1.65,Clay,21.58,241.45,Clay
6.55,42.28,77.06,40.76,66.92,1.49,Clay,24.23,324.97,Clay
7.39,59.34,60.04,41.53,57.29,2.39,Clay,22.83,243.48,Clay
7.24,48.61,57.74,69.26,64.29,1.75,Clay,26.33,299.99,Clay
6.98,58.18,56.15,54.29,46.6,2.0,Clay,23.23,333.08,Clay
6.55,36.77,56.46,62.3,58.0,1.91,Clay,20.98,289.99,Clay
7.53,59.66,68.21,47.9,42.82,2.24,Clay,20.57,210.6,Clay
7.08,41.38,65.57,54.22,50.51,1.59,Clay,23.23,232.04,Clay
6.6,53.09,50.44,40.84,42.61,1.5,Clay,21.34,245.44,Clay
7.83,37.88,48.62,48.62,44.8,1.32,Clay,27.22,294.25,Clay
6.97,38.83,65.9,59.63,55.92,1.36,Clay,21.76,254.18,Clay
6.89,56.91,63.51,63.04,64.01,1.73,Clay,22.68,334.17,Clay
6.59,47.31,53.08,52.98,51.08,1.48,Clay,26.6,235.99,Clay
7.84,46.45,66.56,59.62,54.29,2.14,Clay,19.39,342.37,Clay
7.06,50.19,52.84,50.15,42.01,2.4,Clay,25.69,204.04,Clay
6.99,45.32,45.58,40.91,55.69,1.65,Clay,20.01,262.3,Clay
7.84,53.7,63.39,62.94,62.03,1.49,Clay,24.82,259.11,Clay
6.94,49.12,78.51,54.63,68.18,2.46,Clay,21.49,297.42,Clay
7.34,55.54,77.44,55.0,54.03,1.93,Clay,21.39,238.54,Clay
7.05,39.38,45.38,65.27,58.55,2.24,Clay,24.12,278.05,Clay
7.4,44.65,61.07,40.16,62.36,2.26,Clay,26.14,281.03,Clay
6.9,39.88,74.32,54.5,50.74,1.63,Clay,22.95,277.04,Clay
6.88,53.76,79.41,48.75,69.56,2.08,Clay,18.15,211.18,Clay
7.02,48.09,52.24,60.75,60.13,2.18,Clay,20.53,273.55,Clay
7.98,41.43,57.78,44.84,60.13,2.22,Clay,20.16,232.66,Clay
6.51,40.95,69.45,53.66,58.45,2.12,Clay,25.1,297.13,Clay
7.93,40.97,63.12,50.46,62.05,1.34,Clay,25.44,287.51,Clay
7.51,43.19,79.17,59.44,58.43,2.2,Clay,24.36,265.87,Clay
7.82,42.96,41.98,50.33,49.4,1.46,Clay,24.55,282.09,Clay
7.14,54.81,59.21,60.63,52.42,2.08,Clay,21.43,330.73,Clay
7.67,37.85,68.08,46.81,60.56,2.04,Clay,21.77,285.27,Clay
7.55,42.39,40.31,51.46,65.71,1.54,Clay,25.57,347.79,Clay
7.04,47.89,72.52,62.36,44.57,1.6,Clay,23.51,269.48,Clay
7.34,56.38,63.55,45.73,54.05,2.1,Clay,21.5,242.28,Clay
7.43,42.09,58.98,53.34,52.51,1.77,Clay,19.1,274.72,Clay
7.54,51.89,74.54,55.36,63.14,1.73,Clay,21.01,260.33,Clay
6.73,53.15,79.99,41.56,45.44,1.9,Clay,20.15,300.4,Clay
7.79,50.42,74.68,46.77,52.37,1.75,Clay,23.46,239.36,Clay
7.27,53.05,69.46,45.33,51.08,1.92,Clay,22.91,303.46,Clay
7.49,53.64,50.97,46.16,53.2,2.3,Clay,25.98,201.67,Clay
6.53,44.38,47.22,44.84,44.06,1.97,Clay,27.24,301.74,Clay
6.89,40.51,46.55,50.01,62.98,2.28,Clay,22.59,301.04,Clay
6.5,51.06,50.21,62.56,50.14,1.57,Clay,18.11,227.02,Clay
6.78,38.3,41.3,54.9,49.77,1.28,Clay,23.22,331.27,Clay
6.71,38.62,47.66,50.19,59.63,1.97,Clay,23.24,319.61,Clay
7.76,50.03,73.24,47.82,42.93,1.31,Clay,24.49,265.06,Clay
6.94,41.92,63.61,50.15,44.61,1.38,Clay,22.44,321.07,Clay
6.93,49.82,53.22,66.12,68.05,1.78,Clay,22.63,309.07,Clay
6.95,37.02,78.98,60.05,49.92,1.71,Clay,20.87,267.02,Clay
6.89,59.14,63.77,43.62,54.07,1.99,Clay,18.69,320.16,Clay
6.95,53.31,70.43,68.11,53.26,2.38,Clay,20.89,275.83,Clay
6.66,46.51,44.57,60.38,54.47,1.5,Clay,19.84,204.05,Clay
7.05,49.08,45.85,67.99,66.26,2.11,Clay,23.43,333.33,Clay
6.75,49.25,47.0,61.56,55.36,1.24,Clay,21.31,315.11,Clay
7.33,35.68,68.24,41.61,65.92,2.09,Clay,25.41,231.04,Clay
7.87,38.83,77.27,41.77,51.41,1.84,Clay,19.02,264.52,Clay
7.55,43.5,43.43,68.8,43.24,2.28,Clay,24.81,349.82,Clay
6.62,54.72,44.2,42.85,44.87,2.09,Clay,20.44,271.02,Clay
7.0,59.25,73.0,68.32,69.39,1.24,Clay,19.04,232.54,Clay
8.0,43.35,67.23,66.36,63.81,2.48,Clay,27.17,271.18,Clay
7.16,58.36,78.93,67.93,44.6,2.0,Clay,22.37,263.26,Clay
7.53,47.17,66.53,64.63,48.02,1.7,Clay,23.79,233.55,Clay
7.06,51.51,55.78,42.42,52.21,1.43,Clay,27.77,228.28,Clay
6.74,38.69,46.59,48.64,40.75,1.83,Clay,22.1,327.96,Clay
6.73,45.02,79.66,56.86,41.31,1.56,Clay,18.61,226.36,Clay
7.08,39.63,67.96,53.78,67.86,2.22,Clay,23.6,291.34,Clay
7.47,57.01,64.31,65.94,40.94,1.73,Clay,23.6,249.99,Clay
6.71,35.0,64.52,52.27,57.09,1.52,Clay,25.76,257.62,Clay
6.92,46.47,74.79,57.11,54.63,1.78,Clay,20.93,213.42,Clay
7.69,48.67,73.66,42.16,64.91,2.38,Clay,26.66,224.9,Clay
6.75,45.1,51.09,51.42,52.32,2.45,Clay,25.07,244.37,Clay
7.52,39.34,47.54,61.68,60.71,2.12,Clay,25.52,209.12,Clay
7.36,42.34,55.31,44.91,69.85,1.37,Clay,27.14,271.76,Clay
7.35,40.8,62.92,40.95,43.14,1.67,Clay,24.3,236.72,Clay
7.54,44.19,56.84,62.43,48.89,1.59,Clay,23.91,307.6,Clay
6.61,49.55,44.31,63.3,42.14,1.7,Clay,24.51,285.29,Clay
7.36,36.33,49.45,65.33,40.96,2.37,Clay,24.87,282.49,Clay
7.61,37.97,48.36,49.96,52.22,1.67,Clay,22.12,276.61,Clay
7.38,37.47,54.01,43.82,63.78,2.46,Clay,22.88,224.14,Clay
7.41,49.45,61.83,60.54,49.7,1.49,Clay,27.29,257.14,Clay
7.25,53.15,61.54,40.06,69.8,1.67,Clay,25.92,312.25,Clay
7.35,44.69,49.25,55.24,56.54,2.14,Clay,21.86,260.34,Clay
7.79,45.96,76.61,50.39,55.91,1.7,Clay,27.39,206.35,Clay
7.68,52.91,78.39,43.79,50.13,1.23,Clay,21.42,242.76,Clay
7.83,42.65,56.48,46.91,42.37,1.44,Clay,19.59,318.77,Clay
7.43,36.46,44.09,66.63,45.5,1.47,Clay,19.26,304.49,Clay
7.06,36.19,45.6,44.03,41.39,1.52,Clay,20.23,220.32,Clay
7.06,49.25,47.74,60.62,56.67,1.58,Clay,27.45,302.24,Clay
6.53,57.94,47.81,59.94,41.75,1.42,Clay,22.37,332.59,Clay
7.46,55.42,57.74,67.36,44.48,1.46,Clay,22.25,349.77,Clay
6.67,59.56,64.29,42.01,53.34,1.7,Clay,25.66,249.36,Clay
7.92,40.55,40.79,51.96,42.11,2.13,Clay,23.81,273.96,Clay
7.07,41.51,54.15,62.93,66.65,2.16,Clay,27.36,329.49,Clay
7.24,45.48,68.31,55.38,59.96,1.96,Clay,20.32,341.03,Clay
7.54,46.35,49.08,53.96,56.56,2.41,Clay,22.34,255.77,Clay
7.56,54.97,63.24,48.67,41.78,2.37,Clay,19.98,302.37,Clay
6.57,35.98,51.0,40.92,63.39,2.37,Clay,22.11,293.06,Clay
7.18,56.12,48.56,63.12,46.08,1.62,Clay,25.59,286.17,Clay
7.39,47.26,68.31,56.72,50.61,2.11,Clay,21.58,200.94,Clay
7.07,46.6,43.43,50.15,48.56,2.36,Clay,19.18,219.96,Clay
7.35,45.37,76.79,67.83,56.96,1.63,Clay,23.43,339.59,Clay
7.07,49.98,74.94,51.87,65.73,1.41,Clay,19.14,260.24,Clay
7.21,51.94,79.37,61.84,57.42,2.04,Clay,27.94,305.86,Clay
7.12,44.0,55.33,66.48,68.14,2.44,Clay,23.87,202.83,Clay
7.78,51.48,73.3,48.21,59.43,1.91,Clay,19.31,280.4,Clay
7.44,42.12,52.72,41.11,62.14,2.01,Clay,18.94,259.11,Clay
7.36,56.14,65.17,62.77,65.4,2.29,Clay,19.12,252.7,Clay
7.7,41.28,48.38,44.03,40.87,2.15,Clay,19.25,270.74,Clay
7.3,57.42,42.01,41.67,48.72,1.88,Clay,23.19,225.61,Clay
7.55,48.23,75.99,51.21,54.36,1.46,Clay,19.02,242.27,Clay
7.04,58.99,78.62,65.19,53.37,2.17,Clay,22.72,338.91,Clay
7.82,35.09,72.31,68.37,47.28,2.38,Clay,24.02,225.37,Clay
6.86,35.5,58.3,55.87,54.75,1.58,Clay,25.25,229.09,Clay
7.34,43.04,65.93,62.95,52.95,2.36,Clay,27.27,267.8,Clay
7.37,38.23,68.22,65.75,40.89,2.0,Clay,19.43,226.6,Clay
7.37,47.53,57.57,40.52,56.33,2.4,Clay,24.19,296.88,Clay
6.06,26.13,57.46,31.24,59.25,1.12,Loamy,29.67,226.68,Loamy
6.74,42.53,62.18,43.55,51.22,1.47,Loamy,25.08,204.25,Loamy
6.29,27.79,51.02,56.5,58.16,1.53,Loamy,21.45,197.72,Loamy
7.46,39.5,42.34,56.68,36.64,1.94,Loamy,20.61,202.33,Loamy
6.6,32.86,66.37,53.33,58.64,1.41,Loamy,27.69,264.69,Loamy
7.24,39.42,53.61,34.34,52.62,1.7,Loamy,26.68,270.38,Loamy
6.72,40.31,57.37,54.23,55.18,1.22,Loamy,27.6,255.97,Loamy
7.17,43.91,55.45,33.29,40.71,1.42,Loamy,26.09,187.56,Loamy
7.03,29.28,42.76,44.32,58.59,1.57,Loamy,23.3,260.38,Loamy
6.9,27.93,65.26,42.68,52.32,1.58,Loamy,26.05,218.79,Loamy
6.11,34.3,68.04,41.84,51.85,1.44,Loamy,21.43,293.92,Loamy
6.95,25.46,59.22,36.11,52.08,1.79,Loamy,21.76,273.77,Loamy
6.31,37.5,41.69,59.75,37.53,1.18,Loamy,25.21,211.46,Loamy
7.49,39.64,56.85,30.58,47.68,1.49,Loamy,29.33,271.1,Loamy
7.17,38.91,61.03,41.63,46.12,1.34,Loamy,29.0,289.7,Loamy
6.89,42.71,60.64,59.23,56.67,1.24,Loamy,24.1,252.71,Loamy
6.86,44.41,57.68,35.6,32.66,1.18,Loamy,26.52,254.82,Loamy
7.09,40.66,47.54,41.32,44.93,1.67,Loamy,26.58,193.12,Loamy
6.39,27.38,69.29,32.28,35.14,1.92,Loamy,22.58,163.53,Loamy
6.91,26.39,52.94,52.01,37.58,1.1,Loamy,23.88,165.15,Loamy
6.71,41.85,58.85,46.61,50.69,1.99,Loamy,25.57,190.73,Loamy
6.81,27.34,55.23,48.0,38.03,1.87,Loamy,21.8,294.1,Loamy
7.26,32.59,41.4,48.94,40.52,1.3,Loamy,21.96,152.22,Loamy
7.1,27.38,41.2,34.31,53.74,1.63,Loamy,23.61,248.7,Loamy
6.49,42.07,59.0,44.6,34.71,1.82,Loamy,25.67,280.89,Loamy
6.81,27.67,48.99,37.99,53.97,1.34,Loamy,27.4,161.06,Loamy
6.79,35.85,45.36,37.73,49.39,1.29,Loamy,23.09,187.91,Loamy
7.09,25.67,61.21,48.15,58.39,1.47,Loamy,27.09,213.12,Loamy
7.15,31.32,54.17,59.3,45.9,1.64,Loamy,22.23,262.92,Loamy
6.93,29.96,55.08,33.23,53.05,1.62,Loamy,20.15,176.89,Loamy
7.0,41.77,55.1,30.28,58.7,1.27,Loamy,28.84,250.47,Loamy
7.23,37.2,69.87,48.28,45.13,1.42,Loamy,30.0,273.27,Loamy
6.77,41.51,47.69,37.48,40.49,1.59,Loamy,22.76,246.36,Loamy
7.11,27.98,43.54,55.91,46.74,1.44,Loamy,22.82,190.2,Loamy
7.39,43.35,58.03,54.36,57.26,1.49,Loamy,21.15,224.51,Loamy
6.86,31.91,67.07,39.45,55.19,1.97,Loamy,29.03,275.73,Loamy
6.65,38.2,52.39,53.35,59.29,1.93,Loamy,28.99,288.46,Loamy
6.03,44.02,49.87,34.55,47.18,1.62,Loamy,26.52,241.55,Loamy
6.44,32.86,44.84,32.79,54.81,1.62,Loamy,26.48,175.73,Loamy
6.47,37.35,55.2,33.36,51.1,1.41,Loamy,26.28,161.4,Loamy
7.42,32.59,65.46,48.72,40.45,1.78,Loamy,22.1,153.63,Loamy
6.55,40.07,54.34,57.43,36.28,1.52,Loamy,22.64,176.68,Loamy
6.21,44.9,42.04,34.62,49.93,1.17,Loamy,26.71,229.82,Loamy
6.38,27.76,55.04,30.06,55.36,1.54,Loamy,27.6,192.11,Loamy
6.38,30.45,41.28,36.62,55.28,1.39,Loamy,24.88,165.69,Loamy
6.86,42.1,63.39,41.16,42.59,1.32,Loamy,24.84,247.02,Loamy
6.53,41.25,63.85,37.42,41.28,1.45,Loamy,26.83,183.09,Loamy
6.21,30.98,54.6,41.12,51.93,1.63,Loamy,29.98,192.54,Loamy
6.06,28.79,57.24,44.64,32.67,1.11,Loamy,25.64,267.72,Loamy
6.1,35.54,62.11,46.12,38.72,1.28,Loamy,22.5,233.34,Loamy
7.31,29.39,51.67,45.62,40.23,1.61,Loamy,22.05,162.82,Loamy
6.3,26.34,61.78,37.77,44.08,1.42,Loamy,23.18,248.5,Loamy
7.37,27.35,68.13,47.1,46.76,1.52,Loamy,26.43,226.09,Loamy
7.2,36.36,47.59,57.07,41.28,1.17,Loamy,21.54,206.31,Loamy
6.99,44.51,41.74,45.94,30.96,1.04,Loamy,20.77,258.83,Loamy
7.04,27.63,67.25,43.68,39.57,1.24,Loamy,26.74,157.63,Loamy
6.5,35.2,48.37,54.09,48.74,1.64,Loamy,27.25,278.68,Loamy
6.53,35.14,55.53,55.11,45.97,1.26,Loamy,22.99,180.94,Loamy
6.9,35.48,43.82,47.89,55.27,1.22,Loamy,28.42,258.32,Loamy
7.49,37.82,62.87,42.37,50.09,1.05,Loamy,25.55,243.47,Loamy
6.55,25.66,54.31,47.72,35.48,1.71,Loamy,27.03,292.3,Loamy
6.29,38.29,49.32,31.61,31.54,1.22,Loamy,28.88,278.06,Loamy
7.32,40.84,61.19,40.66,55.1,1.93,Loamy,29.0,211.91,Loamy
6.23,26.53,49.22,58.9,47.15,1.81,Loamy,20.22,210.89,Loamy
6.3,44.94,56.7,33.33,39.27,1.99,Loamy,22.89,232.16,Loamy
6.89,34.29,53.12,36.29,57.2,1.15,Loamy,20.49,158.37,Loamy
6.18,39.12,55.92,47.62,30.56,1.43,Loamy,24.58,152.77,Loamy
7.15,43.71,69.61,47.11,43.12,1.62,Loamy,22.83,197.1,Loamy
6.54,40.07,45.45,52.39,37.41,1.15,Loamy,26.36,297.02,Loamy
6.76,44.28,43.29,34.18,32.38,1.11,Loamy,22.17,200.17,Loamy
6.94,42.81,65.64,50.42,50.63,1.14,Loamy,25.95,280.7,Loamy
7.11,38.94,47.1,34.01,46.07,1.22,Loamy,29.48,273.95,Loamy
7.43,30.5,66.54,37.26,55.85,1.5,Loamy,21.3,167.82,Loamy
7.09,30.15,65.12,36.58,50.15,1.62,Loamy,20.61,184.72,Loamy
7.33,30.21,63.6,57.6,43.05,1.06,Loamy,20.88,289.66,Loamy
7.03,34.36,56.18,31.12,38.94,1.59,Loamy,24.48,238.12,Loamy
7.28,37.07,46.04,58.83,58.54,1.87,Loamy,20.73,156.14,Loamy
6.8,42.85,44.4,44.8,55.63,1.75,Loamy,25.19,183.49,Loamy
6.96,38.21,67.52,37.2,35.87,1.07,Loamy,29.15,155.03,Loamy
7.04,27.99,66.43,46.94,44.83,1.22,Loamy,26.94,264.86,Loamy
6.31,31.33,59.4,49.64,54.69,1.43,Loamy,26.42,221.41,Loamy
6.51,35.08,55.23,31.17,40.3,1.62,Loamy,24.49,299.58,Loamy
6.64,30.22,65.58,56.94,44.16,1.48,Loamy,27.73,153.55,Loamy
6.39,33.37,44.49,31.09,59.31,1.29,Loamy,25.56,209.02,Loamy
6.45,42.17,63.7,37.52,43.38,1.31,Loamy,26.98,272.59,Loamy
6.05,28.98,58.06,54.04,45.58,1.9,Loamy,25.29,154.62,Loamy
6.79,33.27,63.62,42.54,33.58,1.55,Loamy,20.96,255.62,Loamy
6.55,39.56,52.01,56.59,35.57,1.76,Loamy,20.82,295.07,Loamy
6.56,26.44,64.66,44.26,41.24,1.77,Loamy,20.64,268.68,Loamy
6.67,42.92,56.42,39.62,35.72,1.64,Loamy,24.2,213.35,Loamy
6.54,27.54,56.67,36.36,55.36,1.54,Loamy,27.9,217.01,Loamy
7.05,26.27,60.09,42.78,33.46,1.28,Loamy,28.18,213.17,Loamy
7.46,34.02,46.95,31.89,34.41,1.29,Loamy,20.77,241.14,Loamy
7.4,25.53,53.35,31.33,49.15,1.43,Loamy,22.25,286.95,Loamy
6.89,32.84,44.21,51.07,37.14,1.11,Loamy,23.8,252.85,Loamy
6.99,33.21,54.17,54.0,47.05,1.4,Loamy,27.4,251.37,Loamy
6.55,35.69,67.6,44.17,38.95,1.94,Loamy,29.12,295.07,Loamy
6.92,26.42,58.37,49.52,32.78,1.08,Loamy,29.13,248.61,Loamy
6.75,28.75,42.52,35.17,41.48,1.36,Loamy,27.26,238.92,Loamy
7.3,40.04,48.85,40.61,32.6,1.37,Loamy,22.21,238.23,Loamy
6.23,27.45,41.59,39.35,40.43,1.53,Loamy,28.63,259.84,Loamy
6.14,27.82,57.66,50.8,56.56,1.77,Loamy,23.87,162.41,Loamy
6.77,30.59,43.67,33.27,52.01,1.62,Loamy,20.57,234.74,Loamy
6.03,36.18,55.81,38.84,33.14,1.2,Loamy,25.89,229.85,Loamy
6.54,32.39,64.54,43.34,31.95,1.62,Loamy,22.38,274.77,Loamy
6.3,26.19,66.7,45.36,49.36,1.54,Loamy,21.83,234.46,Loamy
7.04,42.12,62.13,38.11,52.71,1.72,Loamy,23.16,190.09,Loamy
7.42,32.04,64.52,33.93,40.23,1.86,Loamy,24.81,174.69,Loamy
6.0,38.87,61.1,44.33,37.87,1.96,Loamy,28.19,169.27,Loamy
6.3,43.74,65.72,44.92,35.44,1.78,Loamy,29.37,204.78,Loamy
7.4,35.34,59.82,37.47,31.23,1.9,Loamy,28.11,236.11,Loamy
6.06,32.08,43.31,55.2,34.75,1.91,Loamy,25.7,294.46,Loamy
6.57,33.39,60.09,34.46,46.39,1.57,Loamy,24.75,202.44,Loamy
6.11,31.99,46.09,53.87,31.65,1.48,Loamy,27.05,188.99,Loamy
6.88,25.91,47.82,39.61,43.24,1.88,Loamy,28.25,276.55,Loamy
7.2,29.28,68.04,38.93,55.71,1.47,Loamy,29.97,289.54,Loamy
6.87,38.3,57.5,53.34,57.19,1.75,Loamy,26.95,271.92,Loamy
7.12,25.23,40.64,49.28,32.62,1.24,Loamy,25.04,197.17,Loamy
7.21,27.78,47.8,51.03,50.56,1.41,Loamy,26.66,207.31,Loamy
6.09,39.11,48.55,57.54,42.34,1.75,Loamy,20.0,278.5,Loamy
6.48,33.91,41.25,30.97,50.17,1.64,Loamy,22.26,264.66,Loamy
6.47,26.37,57.46,51.18,53.44,1.53,Loamy,28.24,171.48,Loamy
7.42,25.82,48.89,35.87,45.18,1.03,Loamy,27.18,168.49,Loamy
6.85,31.66,69.96,35.26,38.44,1.78,Loamy,28.02,288.81,Loamy
6.11,42.03,61.79,45.09,53.75,1.53,Loamy,28.98,292.99,Loamy
6.61,27.67,40.14,33.58,58.41,1.84,Loamy,22.57,276.94,Loamy
6.8,30.42,61.25,54.32,50.48,1.32,Loamy,24.9,261.95,Loamy
7.28,35.07,52.26,39.5,42.9,1.47,Loamy,27.19,195.03,Loamy
7.16,27.17,43.07,33.42,57.73,1.3,Loamy,21.85,261.03,Loamy
6.02,27.45,45.03,55.86,58.75,1.4,Loamy,21.63,269.32,Loamy
7.41,44.8,65.75,34.17,59.47,1.04,Loamy,28.06,211.94,Loamy
6.15,31.18,47.76,37.23,53.36,1.83,Loamy,29.2,167.19,Loamy
6.01,28.68,48.95,55.64,30.31,1.34,Loamy,23.08,194.31,Loamy
6.26,33.35,68.88,56.28,53.07,1.12,Loamy,29.65,295.46,Loamy
6.86,41.84,56.91,39.97,50.13,1.71,Loamy,23.13,241.59,Loamy
6.81,26.94,49.99,33.83,44.58,1.92,Loamy,23.72,276.0,Loamy
7.34,32.23,53.65,34.45,57.75,1.86,Loamy,26.39,174.51,Loamy
6.02,44.79,61.05,34.18,43.11,1.36,Loamy,27.02,242.59,Loamy
6.53,30.35,64.18,48.94,43.48,1.48,Loamy,28.63,170.56,Loamy
6.88,33.92,58.11,35.62,42.55,1.23,Loamy,20.99,213.71,Loamy
6.22,31.4,63.26,32.47,33.24,1.11,Loamy,29.11,167.51,Loamy
6.46,42.9,52.96,54.18,59.06,1.09,Loamy,27.9,160.76,Loamy
7.03,35.72,48.58,53.5,52.03,1.32,Loamy,28.64,223.93,Loamy
7.44,42.48,56.83,55.71,46.29,1.36,Loamy,23.32,275.71,Loamy
6.71,43.69,45.03,59.55,47.99,1.91,Loamy,26.64,151.81,Loamy
7.01,29.67,49.81,30.85,43.03,1.57,Loamy,25.91,284.99,Loamy
7.2,37.83,58.18,52.18,44.2,1.28,Loamy,28.64,249.92,Loamy
6.06,36.76,42.76,30.36,57.88,1.28,Loamy,27.02,209.94,Loamy
6.61,39.89,69.91,40.35,58.47,1.81,Loamy,24.74,164.45,Loamy
6.39,42.11,53.03,59.05,32.43,1.21,Loamy,24.58,217.63,Loamy
7.5,37.19,51.82,41.98,44.85,1.88,Loamy,28.03,286.75,Loamy
7.34,36.89,60.64,53.75,41.2,1.28,Loamy,27.9,223.65,Loamy
6.6,28.06,59.67,57.69,44.0,1.79,Loamy,21.47,215.77,Loamy
6.48,40.34,66.77,52.57,49.89,1.4,Loamy,26.74,224.47,Loamy
7.0,42.8,65.86,50.97,54.45,1.21,Loamy,21.74,172.35,Loamy
6.89,28.49,65.89,51.68,39.6,1.7,Loamy,21.68,240.75,Loamy
6.33,31.61,57.81,33.59,56.06,1.58,Loamy,27.86,251.2,Loamy
6.37,32.48,46.63,54.07,46.35,1.86,Loamy,28.55,209.13,Loamy
6.81,42.39,53.79,50.87,53.28,1.64,Loamy,24.75,204.33,Loamy
6.01,35.38,60.59,33.79,56.24,1.03,Loamy,25.26,295.44,Loamy
7.16,25.58,56.4,30.09,32.76,1.55,Loamy,20.93,208.97,Loamy
6.23,43.15,55.45,43.58,36.76,1.67,Loamy,25.85,275.99,Loamy
6.01,35.03,44.81,55.43,39.09,1.48,Loamy,21.18,232.09,Loamy
6.26,37.73,68.11,42.85,50.28,1.24,Loamy,22.34,170.22,Loamy
6.77,42.39,64.81,34.77,34.08,1.16,Loamy,24.75,162.05,Loamy
6.74,38.95,42.53,53.15,54.2,1.13,Loamy,25.24,206.72,Loamy
6.55,34.21,59.49,49.1,36.19,1.17,Loamy,21.77,274.71,Loamy
7.09,44.6,55.39,33.39,30.82,1.95,Loamy,23.93,275.2,Loamy
6.15,39.5,68.68,39.81,38.01,1.08,Loamy,29.81,233.89,Loamy
6.54,30.24,69.35,34.6,33.48,1.32,Loamy,28.12,206.1,Loamy
7.12,28.71,63.35,35.79,59.63,1.58,Loamy,24.72,293.98,Loamy
7.48,34.55,53.28,48.6,47.9,1.68,Loamy,21.52,290.55,Loamy
7.03,31.04,66.95,54.89,48.85,1.77,Loamy,24.54,162.11,Loamy
7.35,33.32,62.56,46.91,44.72,1.92,Loamy,26.38,224.24,Loamy
6.85,26.24,66.63,36.96,36.27,1.38,Loamy,21.1,212.21,Loamy
6.45,27.34,53.67,47.19,47.08,1.41,Loamy,23.69,295.78,Loamy
7.19,34.37,69.14,47.05,57.86,1.05,Loamy,23.36,291.56,Loamy
6.88,40.8,65.93,32.72,49.22,1.69,Loamy,23.03,151.95,Loamy
7.15,33.07,68.08,36.96,37.8,1.78,Loamy,25.87,158.68,Loamy
7.06,28.47,51.87,54.98,33.49,1.06,Loamy,29.62,292.44,Loamy
7.43,25.43,49.91,31.86,57.88,1.73,Loamy,26.97,272.15,Loamy
6.14,36.43,41.32,47.97,46.23,1.7,Loamy,21.75,211.45,Loamy
6.93,34.48,52.82,51.56,44.66,1.2,Loamy,29.43,232.84,Loamy
6.19,38.64,42.38,42.14,39.41,1.37,Loamy,27.63,211.75,Loamy
6.1,27.19,57.85,46.21,42.85,1.76,Loamy,22.0,232.43,Loamy
7.26,44.72,60.58,59.75,46.81,1.8,Loamy,27.21,199.07,Loamy
6.99,38.57,68.34,33.0,43.37,1.52,Loamy,20.4,263.79,Loamy
6.03,44.51,65.59,49.17,43.8,1.74,Loamy,26.81,202.79,Loamy
7.42,36.82,68.55,37.56,55.52,1.72,Loamy,25.73,262.59,Loamy
6.51,32.36,43.13,54.99,52.35,1.12,Loamy,22.65,235.78,Loamy
7.11,32.95,53.16,34.55,52.09,1.49,Loamy,28.09,198.96,Loamy
6.67,41.65,47.13,50.88,31.67,1.3,Loamy,27.95,273.84,Loamy
6.08,28.82,49.78,40.53,58.06,1.71,Loamy,28.3,181.01,Loamy
6.35,38.88,49.06,48.2,53.46,1.43,Loamy,24.92,257.11,Loamy
6.48,32.97,65.92,59.82,36.08,1.91,Loamy,20.31,219.91,Loamy
7.12,30.49,67.98,58.06,36.63,1.02,Loamy,28.76,289.87,Loamy
7.36,29.54,47.18,57.05,57.55,1.57,Loamy,28.91,160.18,Loamy
6.82,33.07,42.82,41.67,48.93,1.71,Loamy,25.5,259.35,Loamy
7.32,34.83,59.11,34.07,51.57,1.61,Loamy,25.45,201.31,Loamy
7.15,32.94,53.23,51.0,55.07,1.22,Loamy,26.5,171.98,Loamy
7.51,43.36,45.37,42.3,40.46,1.56,Silty,24.97,245.66,Silty
7.61,39.54,44.0,37.92,57.55,1.25,Silty,20.17,217.4,Silty
7.55,43.57,42.77,53.37,42.01,1.32,Silty,23.07,276.26,Silty
6.57,49.53,40.86,43.5,35.41,0.92,Silty,24.07,253.15,Silty
6.33,37.44,56.35,36.13,43.26,1.51,Silty,20.33,312.37,Silty
7.77,30.77,35.13,45.82,53.09,1.16,Silty,22.45,259.65,Silty
6.4,46.08,37.45,35.13,38.48,1.38,Silty,22.64,293.48,Silty
7.16,33.97,37.48,37.02,50.16,1.23,Silty,20.8,196.7,Silty
7.71,40.79,36.24,42.94,49.76,0.98,Silty,26.49,216.75,Silty
7.68,43.97,59.53,40.7,37.47,1.21,Silty,27.98,246.32,Silty
7.44,40.72,36.89,56.75,47.1,1.36,Silty,24.88,296.64,Silty
7.21,43.53,45.62,35.21,43.85,1.67,Silty,22.87,200.37,Silty
7.75,49.74,62.8,55.56,53.01,1.33,Silty,25.5,235.01,Silty
7.68,41.38,57.13,49.04,58.7,1.48,Silty,20.69,214.06,Silty
6.91,40.27,41.76,42.52,48.75,1.76,Silty,20.3,315.32,Silty
7.59,49.54,35.28,37.0,58.55,1.48,Silty,22.97,270.3,Silty
7.42,48.29,42.85,54.26,56.07,1.24,Silty,22.13,237.08,Silty
7.65,46.77,58.82,58.63,49.08,1.12,Silty,25.34,228.35,Silty
6.48,47.23,38.73,36.46,50.55,1.18,Silty,20.25,234.41,Silty
6.61,30.96,46.45,41.21,58.62,1.7,Silty,20.66,313.66,Silty
6.41,39.79,37.85,52.93,36.99,1.4,Silty,23.46,308.54,Silty
6.77,34.33,63.0,37.98,35.05,1.11,Silty,22.44,305.82,Silty
6.9,36.88,47.81,38.75,45.22,1.19,Silty,25.66,204.98,Silty
6.2,36.3,51.27,58.56,43.01,1.48,Silty,21.06,239.77,Silty
7.64,43.23,40.42,50.51,49.29,1.8,Silty,21.98,249.85,Silty
7.28,44.97,54.31,54.92,35.48,1.29,Silty,20.52,273.18,Silty
6.78,37.31,46.98,48.59,56.63,1.54,Silty,27.36,272.6,Silty
7.48,31.03,48.72,57.45,48.49,1.76,Silty,23.38,246.19,Silty
6.38,30.33,45.24,43.12,37.54,1.62,Silty,24.8,314.07,Silty
6.91,39.14,57.59,48.2,56.08,1.8,Silty,27.23,228.6,Silty
6.36,43.89,48.04,41.59,53.22,1.05,Silty,25.01,246.13,Silty
7.13,33.58,44.03,43.85,35.26,0.97,Silty,24.25,229.89,Silty
6.35,33.8,58.36,49.2,41.23,1.34,Silty,22.5,304.2,Silty
7.11,35.62,50.67,39.78,52.28,1.49,Silty,25.83,180.82,Silty
7.06,40.67,52.87,47.58,36.36,1.69,Silty,26.98,182.45,Silty
7.11,44.28,56.07,43.17,39.28,1.28,Silty,26.44,199.82,Silty
6.74,47.29,42.72,59.7,38.91,0.91,Silty,20.85,246.6,Silty
7.63,47.64,50.87,52.64,54.74,1.19,Silty,20.72,192.01,Silty
7.68,45.21,51.67,50.68,40.2,1.68,Silty,22.55,268.08,Silty
7.7,38.54,39.74,57.82,36.15,1.45,Silty,22.5,271.2,Silty
6.72,31.1,58.85,39.87,52.95,1.37,Silty,27.62,278.56,Silty
7.57,35.28,47.23,41.84,36.42,1.52,Silty,23.63,248.03,Silty
6.61,36.92,58.73,58.29,45.58,1.12,Silty,26.48,235.82,Silty
7.22,48.3,36.1,56.39,48.44,1.26,Silty,25.65,241.34,Silty
6.8,45.19,57.88,57.36,51.43,1.31,Silty,25.17,257.08,Silty
6.45,39.01,64.94,49.17,38.44,1.46,Silty,24.76,280.5,Silty
6.95,39.68,52.51,55.93,48.08,0.99,Silty,24.12,217.68,Silty
7.24,39.3,35.28,41.2,52.67,1.31,Silty,21.09,306.97,Silty
6.5,33.72,63.18,56.73,46.62,1.11,Silty,27.58,236.98,Silty
6.61,48.45,55.59,51.88,35.16,1.15,Silty,25.53,257.85,Silty
7.18,42.9,51.76,54.25,37.04,1.33,Silty,25.78,290.34,Silty
6.53,33.96,46.16,54.16,35.17,1.71,Silty,21.1,317.14,Silty
7.46,41.5,51.28,58.11,46.45,0.96,Silty,23.86,264.64,Silty
6.51,41.9,53.93,41.55,58.5,1.55,Silty,26.8,278.66,Silty
6.76,48.43,58.91,51.29,52.85,1.21,Silty,27.09,284.11,Silty
6.6,31.37,40.84,57.34,46.44,1.65,Silty,25.76,203.14,Silty
7.18,45.06,61.38,35.93,42.66,1.69,Silty,27.52,253.52,Silty
7.12,30.61,48.62,52.83,55.53,1.03,Silty,26.06,191.71,Silty
6.76,36.87,51.75,48.73,44.43,1.48,Silty,22.92,188.12,Silty
6.64,33.13,57.85,43.67,36.86,1.43,Silty,21.9,186.88,Silty
7.05,30.22,56.09,43.7,37.45,0.94,Silty,25.95,228.71,Silty
6.24,34.75,49.98,35.98,38.53,1.57,Silty,25.32,305.56,Silty
7.56,39.82,45.4,59.14,52.95,1.07,Silty,26.3,251.39,Silty
7.42,31.8,61.19,40.16,43.04,1.45,Silty,22.19,309.52,Silty
6.61,43.29,35.86,55.11,55.9,0.99,Silty,26.61,245.21,Silty
6.9,41.22,50.72,56.44,51.05,1.71,Silty,24.44,208.58,Silty
7.02,49.27,51.4,41.6,51.4,1.57,Silty,24.36,237.51,Silty
7.63,46.26,41.38,52.02,54.7,1.3,Silty,23.96,204.38,Silty
7.2,38.56,37.68,50.6,44.04,1.47,Silty,21.05,282.57,Silty
7.68,32.89,64.35,43.35,58.28,1.71,Silty,23.56,251.1,Silty
6.5,49.86,38.79,43.95,35.81,1.78,Silty,27.73,301.83,Silty
7.3,30.5,47.86,49.36,40.73,1.21,Silty,23.27,211.95,Silty
7.12,41.51,60.84,46.41,57.85,1.16,Silty,26.01,269.06,Silty
6.63,46.18,58.49,54.78,53.68,1.29,Silty,22.56,285.93,Silty
7.04,35.56,40.43,49.32,44.43,1.15,Silty,20.91,251.91,Silty
7.1,43.59,50.94,54.17,47.27,1.24,Silty,27.01,271.72,Silty
7.46,48.29,39.09,50.55,53.84,1.18,Silty,22.47,244.11,Silty
6.32,41.12,39.63,46.82,53.93,1.16,Silty,20.32,202.24,Silty
6.7,37.57,55.03,55.1,48.75,1.15,Silty,20.13,182.04,Silty
6.52,44.91,37.76,55.98,54.06,1.27,Silty,22.82,253.65,Silty
7.6,33.87,49.71,38.25,51.81,0.92,Silty,21.89,186.1,Silty
6.22,34.89,39.1,58.01,54.68,1.78,Silty,23.06,317.28,Silty
6.46,40.9,38.73,36.49,48.78,1.79,Silty,22.75,220.09,Silty
6.25,39.75,63.01,41.69,43.38,1.74,Silty,21.99,180.42,Silty
7.05,38.77,64.33,43.03,45.6,1.31,Silty,25.24,300.64,Silty
7.14,43.65,46.66,51.2,37.44,1.79,Silty,24.04,269.56,Silty
6.38,40.01,48.41,39.95,48.26,1.56,Silty,21.16,267.66,Silty
6.27,37.1,35.26,59.11,37.94,1.26,Silty,23.63,252.95,Silty
6.54,48.85,53.81,44.28,57.7,1.17,Silty,27.68,312.22,Silty
7.25,36.43,62.75,58.2,35.39,1.52,Silty,23.63,286.68,Silty
6.21,41.93,52.56,57.95,39.74,1.35,Silty,26.01,183.63,Silty
6.8,32.58,44.48,40.79,52.96,1.51,Silty,25.07,297.1,Silty
7.59,32.05,55.27,44.7,40.73,1.5,Silty,21.89,276.2,Silty
7.66,41.34,55.5,36.14,37.3,1.12,Silty,20.62,202.37,Silty
7.77,47.1,49.97,57.6,50.4,0.94,Silty,27.35,291.62,Silty
6.52,43.43,51.06,44.89,41.54,1.37,Silty,20.03,241.35,Silty
7.09,36.26,41.42,54.38,52.74,1.42,Silty,21.42,296.64,Silty
7.55,40.85,43.06,48.19,39.98,1.55,Silty,25.9,246.28,Silty
6.89,39.85,59.78,58.43,47.48,1.38,Silty,21.72,232.81,Silty
7.48,41.25,60.58,35.21,56.54,1.1,Silty,24.67,186.72,Silty
7.62,49.51,42.77,35.79,45.66,1.07,Silty,25.78,213.63,Silty
7.14,49.1,59.98,53.84,49.2,1.35,Silty,21.89,229.57,Silty
7.02,44.82,64.62,43.53,57.36,1.68,Silty,20.34,188.99,Silty
7.19,44.38,39.48,55.72,44.3,1.36,Silty,23.2,264.78,Silty
6.93,35.61,50.1,57.2,40.97,1.04,Silty,23.39,303.14,Silty
6.28,38.66,54.38,50.63,40.05,1.5,Silty,22.68,243.61,Silty
7.28,44.72,53.94,42.09,35.55,1.16,Silty,25.79,205.55,Silty
6.23,40.49,63.02,45.46,42.05,0.93,Silty,24.88,232.21,Silty
7.77,37.82,62.77,52.84,55.65,1.09,Silty,27.95,196.5,Silty
6.23,40.0,45.9,44.24,56.46,1.64,Silty,20.66,181.3,Silty
7.47,38.66,58.81,47.36,37.91,1.44,Silty,26.57,299.53,Silty
6.84,40.13,51.37,54.05,55.81,0.96,Silty,25.56,235.5,Silty
7.8,47.02,59.08,55.78,59.26,0.92,Silty,27.4,184.5,Silty
7.64,42.61,49.19,52.38,37.48,1.01,Silty,26.68,215.03,Silty
7.11,43.17,58.4,58.41,57.35,1.33,Silty,20.3,278.41,Silty
6.38,30.85,58.09,44.07,37.31,1.52,Silty,25.28,238.79,Silty
6.95,46.56,60.4,40.65,52.53,1.24,Silty,27.64,271.45,Silty
7.1,47.59,48.78,45.01,58.13,0.95,Silty,23.56,289.91,Silty
7.0,48.45,36.07,41.94,56.85,0.94,Silty,25.28,232.21,Silty
7.18,35.01,61.75,59.35,41.89,1.63,Silty,25.3,181.99,Silty
6.57,46.51,46.27,55.66,39.02,1.5,Silty,23.67,181.1,Silty
7.05,47.65,53.16,56.61,41.78,1.01,Silty,21.74,266.55,Silty
6.94,48.75,55.56,57.71,58.31,1.59,Silty,23.57,242.4,Silty
7.38,46.25,64.21,42.48,40.65,1.64,Silty,24.08,316.05,Silty
7.41,37.93,62.59,36.85,54.03,1.76,Silty,22.41,303.82,Silty
6.51,39.07,53.91,50.44,46.84,1.45,Silty,27.67,272.9,Silty
7.34,49.82,51.67,38.29,48.79,1.64,Silty,23.34,318.88,Silty
6.58,43.45,51.3,51.64,36.23,1.46,Silty,20.98,309.24,Silty
7.2,44.97,48.58,40.24,36.63,0.92,Silty,21.19,240.99,Silty
6.64,30.75,50.38,48.99,53.16,1.74,Silty,26.59,273.13,Silty
7.43,43.82,42.69,39.63,56.68,1.22,Silty,22.02,280.34,Silty
7.58,45.82,58.46,54.25,48.42,1.12,Silty,26.66,305.29,Silty
7.26,43.88,59.95,52.03,40.35,1.74,Silty,27.4,274.6,Silty
7.31,45.87,55.01,44.7,41.8,1.22,Silty,23.28,212.67,Silty
7.25,49.24,54.08,51.22,47.79,1.44,Silty,26.46,254.99,Silty
7.61,35.03,43.9,54.24,38.97,1.06,Silty,26.0,245.55,Silty
7.63,49.09,40.73,49.32,43.8,0.92,Silty,23.46,208.2,Silty
6.41,48.23,51.84,42.17,43.06,1.48,Silty,21.67,235.52,Silty
7.68,42.24,39.05,44.63,46.05,1.35,Silty,22.11,299.93,Silty
6.43,39.77,60.77,50.95,35.48,1.55,Silty,20.03,207.56,Silty
7.26,30.93,41.97,47.15,48.85,1.43,Silty,22.03,224.88,Silty
7.29,45.63,53.6,35.94,54.91,1.6,Silty,25.07,250.81,Silty
7.45,39.93,40.96,53.26,50.8,1.02,Silty,21.16,246.77,Silty
6.73,36.38,53.0,43.64,49.6,1.4,Silty,20.32,193.27,Silty
6.51,33.64,49.04,37.86,35.39,1.35,Silty,27.75,211.56,Silty
7.59,41.71,50.22,38.38,54.17,1.58,Silty,21.42,203.33,Silty
7.42,35.39,42.39,51.35,55.23,1.09,Silty,24.37,199.01,Silty
6.79,42.05,50.53,37.87,42.61,0.98,Silty,25.96,306.66,Silty
7.77,40.56,59.74,55.91,59.33,1.53,Silty,25.8,263.46,Silty
6.77,48.78,57.46,45.4,47.27,1.33,Silty,21.72,234.01,Silty
7.5,48.54,37.38,50.48,43.81,1.73,Silty,27.03,242.05,Silty
6.77,38.27,54.74,49.42,41.86,1.23,Silty,25.42,251.8,Silty
6.56,44.55,50.29,56.82,56.2,1.35,Silty,24.28,304.54,Silty
6.59,41.79,50.66,43.71,37.37,0.93,Silty,27.07,206.45,Silty
6.57,36.09,54.5,46.51,50.62,1.26,Silty,24.24,202.01,Silty
7.6,30.5,64.21,49.05,41.54,1.41,Silty,26.62,296.44,Silty
6.46,41.77,63.35,53.92,44.02,1.68,Silty,27.02,243.2,Silty
6.65,31.93,35.93,46.81,37.34,1.72,Silty,25.3,276.87,Silty
6.65,45.74,64.07,41.98,43.12,1.14,Silty,21.42,294.04,Silty
7.46,35.84,51.32,52.73,38.16,1.02,Silty,23.97,300.99,Silty
6.46,36.54,45.66,43.89,53.47,1.66,Silty,22.75,254.59,Silty
7.69,49.2,61.86,54.07,44.37,1.37,Silty,20.68,205.45,Silty
6.96,32.47,56.76,44.89,58.96,1.07,Silty,27.57,279.4,Silty
7.16,45.17,62.66,48.29,54.36,1.26,Silty,23.73,192.51,Silty
7.22,47.36,49.83,56.27,58.17,0.99,Silty,23.89,252.37,Silty
7.68,41.45,59.37,44.72,52.32,1.69,Silty,24.07,263.97,Silty
7.63,49.26,46.64,54.98,52.51,1.47,Silty,22.02,214.96,Silty
6.56,35.37,45.66,54.65,38.77,1.21,Silty,26.22,272.62,Silty
7.05,32.19,48.43,44.5,41.97,1.04,Silty,22.33,282.31,Silty
7.49,42.93,51.81,36.3,48.96,1.57,Silty,22.75,265.3,Silty
7.48,47.65,49.29,37.47,46.51,1.37,Silty,23.83,187.06,Silty
7.23,35.9,61.91,56.72,47.23,1.12,Silty,25.23,253.82,Silty
6.23,40.76,58.27,38.95,49.83,0.97,Silty,23.91,187.45,Silty
6.44,48.44,59.26,39.87,57.1,1.33,Silty,22.73,289.9,Silty
6.7,36.24,60.71,50.38,57.17,1.36,Silty,21.69,276.65,Silty
7.63,37.37,64.59,41.78,38.01,1.7,Silty,20.83,317.27,Silty
7.02,46.18,64.41,45.18,44.8,1.01,Silty,25.64,295.37,Silty
7.74,35.87,56.53,48.97,59.05,1.39,Silty,21.26,238.51,Silty
6.89,46.01,61.4,37.94,40.16,1.12,Silty,21.76,255.72,Silty
6.47,47.86,37.72,47.96,47.53,1.23,Silty,25.06,240.73,Silty
7.11,38.04,55.81,36.18,36.55,1.29,Silty,27.67,285.99,Silty
7.45,43.2,51.32,41.17,44.86,1.09,Silty,24.1,251.2,Silty
7.6,37.78,46.81,46.6,44.81,1.19,Silty,24.37,272.56,Silty
7.09,31.85,64.35,54.82,51.01,1.55,Silty,20.53,206.76,Silty
6.37,48.9,41.13,38.48,40.45,1.38,Silty,24.97,198.68,Silty
6.38,37.83,42.83,56.61,47.31,1.23,Silty,26.43,238.47,Silty
6.76,36.1,44.25,35.7,55.95,1.79,Silty,22.79,304.49,Silty
6.61,32.22,53.51,53.11,35.9,0.91,Silty,21.98,225.64,Silty
6.73,36.38,47.66,44.8,49.75,1.63,Silty,23.09,192.13,Silty
6.78,39.22,60.98,36.97,44.98,1.37,Silty,23.25,239.66,Silty
7.0,30.57,44.65,49.65,48.49,1.15,Silty,21.85,251.36,Silty
7.0,33.7,54.88,42.67,40.35,1.45,Silty,20.02,234.39,Silty
7.43,36.81,46.49,56.84,46.41,1.4,Silty,22.06,221.01,Silty
6.8,40.82,49.03,57.89,41.36,1.61,Silty,22.22,239.96,Silty
7.01,48.27,61.25,46.52,41.41,0.95,Silty,25.83,198.74,Silty
6.38,45.48,63.79,48.81,52.21,1.0,Silty,27.89,190.52,Silty
6.81,44.18,61.66,50.22,35.87,1.14,Silty,25.89,208.26,Silty
6.23,36.17,54.26,39.72,52.75,1.3,Silty,22.89,188.7,Silty
6.57,45.92,41.41,53.69,52.29,1.25,Silty,21.03,229.39,Silty
7.71,39.51,60.5,35.41,56.01,1.53,Silty,21.4,194.4,Silty
4.27,61.66,49.11,44.83,21.56,3.74,Peaty,24.25,386.06,Peaty
4.61,66.29,31.38,27.48,33.43,3.41,Peaty,24.74,332.52,Peaty
5.81,52.27,46.92,47.32,24.57,3.51,Peaty,18.95,256.24,Peaty
5.7,52.02,33.84,34.1,36.3,2.68,Peaty,18.23,316.76,Peaty
4.37,74.64,57.12,33.9,31.63,3.37,Peaty,20.77,315.01,Peaty
4.02,61.02,44.59,29.6,29.61,3.22,Peaty,22.79,300.35,Peaty
4.14,61.46,59.86,28.5,41.36,4.2,Peaty,22.28,389.26,Peaty
4.71,66.02,53.18,47.4,24.44,3.52,Peaty,23.71,272.38,Peaty
4.93,58.91,30.12,27.25,22.03,3.52,Peaty,22.34,362.48,Peaty
4.01,72.63,30.22,23.28,45.57,4.45,Peaty,24.28,341.31,Peaty
5.38,57.85,40.72,48.09,48.14,4.17,Peaty,17.64,341.82,Peaty
4.01,64.86,57.25,27.57,22.36,3.78,Peaty,15.39,287.66,Peaty
5.68,53.93,45.27,25.83,43.65,2.78,Peaty,17.56,345.15,Peaty
5.47,69.64,34.53,42.28,21.36,3.68,Peaty,18.76,309.02,Peaty
4.9,70.2,53.22,26.61,49.5,2.07,Peaty,24.4,340.73,Peaty
5.28,79.03,40.25,35.5,22.54,3.65,Peaty,15.43,379.5,Peaty
5.91,78.6,31.52,28.64,48.61,2.63,Peaty,15.21,310.38,Peaty
4.91,62.96,37.45,21.21,22.28,3.29,Peaty,19.9,384.43,Peaty
4.28,63.06,57.21,28.89,28.4,4.17,Peaty,20.66,296.41,Peaty
5.0,50.44,48.51,31.95,35.63,4.03,Peaty,19.5,353.33,Peaty
4.75,53.13,55.73,47.82,43.03,2.41,Peaty,23.54,316.36,Peaty
4.47,62.56,52.71,28.77,20.32,4.85,Peaty,16.02,296.46,Peaty
5.37,64.69,54.07,25.29,42.89,4.93,Peaty,16.49,263.72,Peaty
5.1,69.32,46.66,31.23,29.4,3.14,Peaty,20.06,305.67,Peaty
5.43,77.66,49.76,40.59,30.07,3.14,Peaty,20.42,346.8,Peaty
5.35,51.88,36.62,33.01,44.42,4.23,Peaty,24.75,290.49,Peaty
5.0,69.43,50.88,35.83,47.04,4.11,Peaty,16.26,306.64,Peaty
5.27,54.69,36.9,48.55,32.6,3.78,Peaty,24.73,379.12,Peaty
5.64,57.33,44.54,21.1,21.13,4.69,Peaty,17.31,300.95,Peaty
4.46,79.09,50.72,44.65,33.18,3.18,Peaty,18.89,285.64,Peaty
5.7,52.4,45.12,40.53,43.57,3.94,Peaty,21.16,330.44,Peaty
5.64,53.66,50.25,20.95,23.29,4.23,Peaty,22.36,292.43,Peaty
4.83,65.76,56.33,47.61,36.16,4.24,Peaty,15.99,327.4,Peaty
4.55,63.49,38.46,48.55,23.15,2.38,Peaty,23.49,296.75,Peaty
4.55,75.02,53.31,46.22,39.92,4.91,Peaty,22.02,391.3,Peaty
5.28,57.17,45.5,49.23,44.07,2.96,Peaty,15.9,307.34,Peaty
4.32,78.84,53.94,29.39,31.41,2.02,Peaty,15.42,396.73,Peaty
5.52,76.31,46.6,39.18,37.91,2.7,Peaty,22.98,362.67,Peaty
4.68,69.08,59.92,41.83,38.83,4.6,Peaty,20.7,285.7,Peaty
4.98,74.27,49.83,20.67,42.28,3.35,Peaty,20.76,293.44,Peaty
5.2,55.91,42.9,32.46,48.98,2.19,Peaty,21.34,321.13,Peaty
5.49,67.65,33.8,23.96,38.84,4.43,Peaty,23.67,350.59,Peaty
5.87,58.18,40.82,47.89,42.26,4.3,Peaty,23.69,364.19,Peaty
5.42,52.43,54.45,37.54,45.75,3.46,Peaty,23.88,259.66,Peaty
5.67,54.9,59.06,47.43,45.81,3.33,Peaty,17.69,297.33,Peaty
5.98,53.01,38.06,32.89,46.77,2.73,Peaty,19.54,377.27,Peaty
4.48,78.93,55.45,30.81,47.84,2.68,Peaty,15.99,356.46,Peaty
4.22,66.54,50.31,41.61,32.3,2.73,Peaty,15.5,316.71,Peaty
4.59,67.87,51.8,49.88,27.18,2.47,Peaty,23.2,377.38,Peaty
4.09,50.19,30.46,42.51,48.72,2.88,Peaty,17.66,363.68,Peaty
5.97,51.16,53.29,33.41,40.46,3.9,Peaty,19.01,325.64,Peaty
5.96,59.19,50.19,25.27,29.87,2.91,Peaty,18.51,316.93,Peaty
5.09,67.37,42.02,30.54,29.54,3.88,Peaty,24.87,264.99,Peaty
4.43,79.74,39.49,45.91,45.58,3.17,Peaty,21.98,255.19,Peaty
4.13,65.14,47.8,30.74,47.56,3.28,Peaty,21.21,338.12,Peaty
5.43,63.38,51.2,32.87,27.57,2.67,Peaty,18.03,391.78,Peaty
5.73,69.72,34.57,31.67,25.57,4.16,Peaty,23.69,329.97,Peaty
5.77,77.1,34.29,42.55,21.66,2.55,Peaty,17.19,366.19,Peaty
5.86,54.9,59.56,27.71,24.18,2.76,Peaty,24.78,339.07,Peaty
5.31,62.23,40.5,40.61,28.48,3.72,Peaty,22.78,303.67,Peaty
4.28,72.23,39.35,39.0,39.18,2.65,Peaty,15.35,298.97,Peaty
4.3,60.21,51.96,37.29,49.59,2.31,Peaty,21.42,385.7,Peaty
5.77,76.09,32.72,20.16,22.93,4.29,Peaty,24.95,290.46,Peaty
5.92,71.0,41.96,49.99,41.39,2.84,Peaty,22.9,396.59,Peaty
4.5,75.05,38.11,25.88,48.65,2.58,Peaty,21.9,281.02,Peaty
5.68,50.15,41.14,33.68,43.13,3.55,Peaty,17.15,355.04,Peaty
4.81,62.46,36.64,36.43,34.79,3.89,Peaty,15.7,310.92,Peaty
5.08,68.27,35.23,32.54,45.57,4.41,Peaty,24.09,273.67,Peaty
4.16,65.44,53.03,29.13,25.85,4.97,Peaty,19.0,379.03,Peaty
5.44,67.26,57.72,45.05,32.07,3.86,Peaty,21.19,250.91,Peaty
4.24,57.29,55.51,47.58,44.7,4.67,Peaty,18.2,331.3,Peaty
5.04,67.16,46.4,31.56,31.74,3.13,Peaty,17.67,277.22,Peaty
5.25,67.33,33.94,37.98,39.03,2.03,Peaty,17.96,355.13,Peaty
5.01,56.91,58.44,35.85,46.78,2.12,Peaty,17.22,371.76,Peaty
4.06,63.32,47.59,20.13,48.21,2.37,Peaty,22.43,330.27,Peaty
5.3,58.84,34.62,39.41,28.5,2.73,Peaty,19.19,340.97,Peaty
5.9,73.49,48.84,32.55,29.71,4.4,Peaty,20.71,351.26,Peaty
4.18,64.73,56.55,25.48,28.77,3.98,Peaty,15.71,317.94,Peaty
4.16,69.59,55.11,29.9,30.69,4.38,Peaty,15.37,365.6,Peaty
4.17,54.12,50.83,35.32,41.93,3.7,Peaty,16.54,384.03,Peaty
4.6,57.88,37.59,20.32,41.49,2.29,Peaty,21.01,302.56,Peaty
4.38,50.05,44.37,46.55,46.23,4.61,Peaty,16.86,254.11,Peaty
5.11,69.27,44.33,37.08,34.28,4.56,Peaty,22.29,319.36,Peaty
5.49,53.5,43.02,41.55,45.61,3.86,Peaty,19.15,268.35,Peaty
5.39,59.51,54.22,24.5,48.38,2.16,Peaty,19.04,353.85,Peaty
4.91,66.98,57.54,23.7,47.87,4.99,Peaty,17.5,381.46,Peaty
5.15,78.84,49.84,34.87,33.52,3.12,Peaty,17.48,274.43,Peaty
4.36,61.59,40.19,44.29,32.71,3.65,Peaty,21.85,276.38,Peaty
4.17,78.58,55.53,49.67,29.0,4.29,Peaty,21.98,391.75,Peaty
4.3,63.28,32.33,36.38,31.11,4.01,Peaty,23.34,257.59,Peaty
5.95,77.5,48.79,21.35,30.74,2.8,Peaty,20.72,311.32,Peaty
5.48,61.6,33.0,39.59,45.05,2.43,Peaty,18.81,353.55,Peaty
4.52,71.94,43.64,27.4,33.88,2.68,Peaty,19.84,258.5,Peaty
5.25,64.83,48.94,47.42,40.72,4.27,Peaty,24.17,299.51,Peaty
4.93,79.89,58.61,39.58,46.51,3.6,Peaty,17.22,314.77,Peaty
4.43,75.19,31.31,28.11,23.81,3.25,Peaty,20.24,320.12,Peaty
5.73,72.61,42.92,47.92,43.39,2.32,Peaty,18.88,303.42,Peaty
5.3,71.49,51.1,30.57,36.55,3.01,Peaty,24.46,313.89,Peaty
5.75,52.42,31.6,47.31,32.35,2.07,Peaty,16.3,389.03,Peaty
5.77,65.25,47.24,37.13,35.94,2.21,Peaty,18.26,283.97,Peaty
4.18,70.55,51.78,28.45,29.91,4.85,Peaty,18.9,376.67,Peaty
5.95,53.32,52.84,44.77,25.68,4.72,Peaty,23.79,338.26,Peaty
4.96,50.16,57.27,29.6,35.29,4.49,Peaty,20.94,388.04,Peaty
4.2,67.02,49.3,47.04,42.63,2.4,Peaty,22.94,338.3,Peaty
5.73,58.77,58.14,24.57,29.68,4.52,Peaty,16.63,279.47,Peaty
5.46,75.75,51.32,44.35,29.68,4.59,Peaty,20.53,268.13,Peaty
5.6,54.99,49.84,24.32,23.08,2.47,Peaty,17.13,329.68,Peaty
5.5,61.6,56.28,26.83,44.5,3.46,Peaty,23.07,324.34,Peaty
5.77,73.78,57.0,33.59,36.86,4.34,Peaty,22.43,395.8,Peaty
5.75,54.9,33.96,28.95,42.6,3.32,Peaty,23.55,292.66,Peaty
4.8,59.31,59.2,26.8,30.68,2.6,Peaty,19.87,284.46,Peaty
5.0,51.32,34.69,20.14,20.1,2.36,Peaty,18.83,310.25,Peaty
5.18,52.44,44.32,38.28,45.29,4.59,Peaty,19.07,335.62,Peaty
5.83,68.03,54.56,35.57,44.64,4.56,Peaty,19.21,341.67,Peaty
5.35,54.74,33.97,21.6,26.34,4.43,Peaty,19.94,295.84,Peaty
5.11,60.71,47.22,23.68,32.86,2.5,Peaty,16.98,313.08,Peaty
4.2,53.08,42.56,33.13,38.48,4.47,Peaty,21.45,345.82,Peaty
5.5,56.96,40.25,45.92,33.47,4.84,Peaty,24.31,272.43,Peaty
5.4,53.39,41.66,48.11,27.25,4.01,Peaty,22.83,366.84,Peaty
4.35,62.01,46.46,48.51,44.46,2.77,Peaty,21.21,374.57,Peaty
5.92,73.17,52.99,49.82,23.29,3.42,Peaty,20.2,295.92,Peaty
5.6,79.47,34.3,40.8,27.79,4.88,Peaty,16.4,312.49,Peaty
4.53,57.2,59.46,42.98,23.44,4.3,Peaty,17.26,383.97,Peaty
4.1,67.15,31.93,31.2,24.88,3.81,Peaty,15.65,269.97,Peaty
5.44,54.28,31.27,49.87,22.41,2.73,Peaty,17.52,365.63,Peaty
5.29,54.21,33.33,29.53,37.11,2.26,Peaty,22.58,285.4,Peaty
4.95,58.62,39.44,27.64,21.27,3.04,Peaty,17.52,251.34,Peaty
5.95,66.27,41.66,38.29,45.84,2.42,Peaty,17.01,279.96,Peaty
4.89,78.73,31.35,31.51,43.18,2.03,Peaty,16.52,284.35,Peaty
5.79,79.88,52.25,38.23,35.85,4.37,Peaty,23.45,323.48,Peaty
4.83,68.11,31.77,49.88,28.77,3.64,Peaty,19.41,334.83,Peaty
5.51,77.65,31.81,44.37,34.79,4.41,Peaty,20.46,340.63,Peaty
4.75,74.28,51.66,40.27,43.39,4.46,Peaty,18.89,273.37,Peaty
4.36,77.91,43.96,36.9,25.46,3.25,Peaty,24.68,320.07,Peaty
4.27,52.86,57.02,40.63,24.84,2.06,Peaty,19.18,282.88,Peaty
5.89,70.95,54.58,30.48,30.76,4.81,Peaty,24.46,318.74,Peaty
4.0,69.48,44.07,33.47,47.77,2.1,Peaty,17.19,290.93,Peaty
4.18,63.69,45.84,20.39,23.62,3.59,Peaty,18.21,327.0,Peaty
5.87,79.94,54.78,46.03,34.03,3.41,Peaty,20.79,252.35,Peaty
5.57,72.48,35.7,37.73,26.9,3.41,Peaty,23.93,259.99,Peaty
4.27,50.49,34.69,42.69,26.22,4.01,Peaty,15.43,395.92,Peaty
4.79,65.55,40.14,41.41,41.21,2.21,Peaty,17.97,327.6,Peaty
5.59,61.78,49.49,23.29,46.83,4.8,Peaty,17.76,350.73,Peaty
5.91,56.28,47.33,23.65,22.81,2.44,Peaty,23.64,255.59,Peaty
5.76,69.94,59.06,35.26,42.91,4.9,Peaty,22.01,298.78,Peaty
5.37,76.36,35.71,29.93,38.91,4.98,Peaty,15.76,270.65,Peaty
5.2,60.6,38.58,41.37,22.45,3.51,Peaty,18.35,310.13,Peaty
4.59,73.28,55.24,36.61,45.22,4.11,Peaty,17.77,271.02,Peaty
5.06,59.9,47.94,34.92,27.34,2.83,Peaty,21.81,337.11,Peaty
5.66,75.29,41.1,44.06,34.67,3.76,Peaty,22.73,304.11,Peaty
5.97,77.27,38.02,39.65,29.05,4.88,Peaty,19.91,343.88,Peaty
4.16,63.9,43.42,23.67,21.38,3.65,Peaty,23.7,376.46,Peaty
4.89,52.68,51.19,27.58,27.08,2.08,Peaty,23.85,307.12,Peaty
5.12,56.66,36.82,38.02,34.63,4.92,Peaty,16.53,375.53,Peaty
4.63,71.39,49.57,39.56,25.17,3.07,Peaty,17.46,250.71,Peaty
4.56,57.5,31.67,37.78,33.31,2.2,Peaty,15.82,360.26,Peaty
4.49,65.06,41.28,23.53,20.96,2.68,Peaty,20.04,398.7,Peaty
5.79,79.77,54.5,31.07,23.14,2.89,Peaty,15.82,282.67,Peaty
5.27,53.68,50.01,24.13,41.54,4.24,Peaty,23.19,264.1,Peaty
5.22,57.92,40.53,48.1,44.28,3.34,Peaty,16.38,297.56,Peaty
4.83,74.08,44.03,31.82,42.21,2.21,Peaty,15.33,265.36,Peaty
4.27,71.32,59.68,48.19,49.13,3.5,Peaty,19.99,315.77,Peaty
4.3,78.25,49.36,35.39,29.37,3.15,Peaty,21.68,373.94,Peaty
5.59,72.41,39.54,48.81,43.45,4.06,Peaty,21.69,369.18,Peaty
4.33,66.92,58.6,42.67,27.26,4.71,Peaty,15.21,309.16,Peaty
5.6,70.44,31.81,40.11,43.28,3.7,Peaty,17.87,336.69,Peaty
4.98,63.87,39.38,32.94,23.72,3.35,Peaty,22.04,396.04,Peaty
5.91,74.73,41.4,44.25,47.38,4.07,Peaty,18.38,280.77,Peaty
4.74,65.46,41.81,47.55,45.58,2.82,Peaty,24.86,279.09,Peaty
4.49,58.23,33.67,48.41,33.17,4.2,Peaty,23.4,282.48,Peaty
4.54,78.41,44.63,37.14,33.8,3.0,Peaty,24.85,252.56,Peaty
4.7,70.48,30.87,34.69,34.7,2.03,Peaty,19.0,311.66,Peaty
4.33,58.29,47.07,23.14,30.18,2.25,Peaty,19.51,294.41,Peaty
4.34,54.23,55.24,26.6,41.84,2.47,Peaty,18.38,355.16,Peaty
4.13,59.77,56.97,43.67,45.24,4.81,Peaty,21.98,388.97,Peaty
5.55,54.87,32.14,49.23,23.59,2.16,Peaty,19.45,388.99,Peaty
5.19,54.35,44.38,32.14,37.52,3.53,Peaty,17.42,387.19,Peaty
4.92,63.06,54.97,39.12,30.82,4.75,Peaty,18.48,268.82,Peaty
4.83,52.26,42.02,48.68,26.58,4.91,Peaty,19.0,380.35,Peaty
5.69,52.98,32.15,24.38,33.07,2.83,Peaty,15.77,324.74,Peaty
4.05,78.9,58.53,36.82,45.58,3.6,Peaty,22.85,385.15,Peaty
5.64,70.37,37.39,26.12,43.38,3.86,Peaty,24.32,257.28,Peaty
4.94,57.35,59.91,49.39,22.68,3.49,Peaty,22.54,383.18,Peaty
4.57,76.52,55.92,45.66,24.97,3.54,Peaty,19.45,259.65,Peaty
4.8,60.66,58.27,39.02,49.24,3.87,Peaty,22.49,272.83,Peaty
4.67,78.9,37.32,29.53,28.67,4.71,Peaty,18.59,321.74,Peaty
5.32,61.91,50.62,38.97,22.25,3.29,Peaty,22.36,356.38,Peaty
4.02,54.91,32.9,34.81,20.6,4.72,Peaty,22.65,326.96,Peaty
5.6,62.89,45.85,45.85,47.14,3.62,Peaty,18.21,370.25,Peaty
4.89,68.04,40.47,37.97,45.56,3.59,Peaty,18.03,325.15,Peaty
4.55,66.23,57.41,48.08,43.45,3.78,Peaty,16.51,367.84,Peaty
4.35,76.29,52.92,33.49,36.47,2.15,Peaty,22.95,344.94,Peaty
4.68,55.79,51.24,47.6,27.14,2.95,Peaty,23.32,332.62,Peaty
4.62,69.96,38.13,49.36,37.6,2.29,Peaty,15.79,333.48,Peaty
4.48,62.83,58.47,35.03,32.25,3.42,Peaty,17.26,316.67,Peaty
5.9,74.81,41.8,33.66,41.15,3.24,Peaty,15.66,326.04,Peaty
4.29,70.6,43.83,45.16,39.17,2.96,Peaty,21.23,286.45,Peaty
5.37,65.51,54.85,46.62,29.15,4.47,Peaty,23.51,263.3,Peaty
5.97,54.6,53.46,31.53,44.61,4.04,Peaty,16.08,386.19,Peaty
5.67,59.25,39.54,40.25,37.5,3.57,Peaty,19.41,259.39,Peaty
